{
  "description": "FitzHugh-Nagumo MCMC inference data. Generated with random seed 42.",
  "true_parameters": [
    0.1,
    0.5,
    3
  ],
  "times": [
    0.0,
    0.10050251256281408,
    0.20100502512562815,
    0.30150753768844224,
    0.4020100502512563,
    0.5025125628140704,
    0.6030150753768845,
    0.7035175879396985,
    0.8040201005025126,
    0.9045226130653267,
    1.0050251256281408,
    1.105527638190955,
    1.206030150753769,
    1.306532663316583,
    1.407035175879397,
    1.5075376884422111,
    1.6080402010050252,
    1.7085427135678393,
    1.8090452261306533,
    1.9095477386934674,
    2.0100502512562817,
    2.1105527638190957,
    2.21105527638191,
    2.311557788944724,
    2.412060301507538,
    2.512562814070352,
    2.613065326633166,
    2.71356783919598,
    2.814070351758794,
    2.9145728643216082,
    3.0150753768844223,
    3.1155778894472363,
    3.2160804020100504,
    3.3165829145728645,
    3.4170854271356785,
    3.5175879396984926,
    3.6180904522613067,
    3.7185929648241207,
    3.819095477386935,
    3.919597989949749,
    4.020100502512563,
    4.120603015075377,
    4.2211055276381915,
    4.3216080402010055,
    4.42211055276382,
    4.522613065326634,
    4.623115577889448,
    4.723618090452262,
    4.824120603015076,
    4.92462311557789,
    5.025125628140704,
    5.125628140703518,
    5.226130653266332,
    5.326633165829146,
    5.42713567839196,
    5.527638190954774,
    5.628140703517588,
    5.728643216080402,
    5.8291457286432165,
    5.9296482412060305,
    6.030150753768845,
    6.130653266331659,
    6.231155778894473,
    6.331658291457287,
    6.432160804020101,
    6.532663316582915,
    6.633165829145729,
    6.733668341708543,
    6.834170854271357,
    6.934673366834171,
    7.035175879396985,
    7.135678391959799,
    7.236180904522613,
    7.336683417085427,
    7.437185929648241,
    7.5376884422110555,
    7.63819095477387,
    7.738693467336684,
    7.839195979899498,
    7.939698492462312,
    8.040201005025127,
    8.14070351758794,
    8.241206030150755,
    8.341708542713569,
    8.442211055276383,
    8.542713567839197,
    8.643216080402011,
    8.743718592964825,
    8.84422110552764,
    8.944723618090453,
    9.045226130653267,
    9.145728643216081,
    9.246231155778895,
    9.34673366834171,
    9.447236180904524,
    9.547738693467338,
    9.648241206030152,
    9.748743718592966,
    9.84924623115578,
    9.949748743718594,
    10.050251256281408,
    10.150753768844222,
    10.251256281407036,
    10.35175879396985,
    10.452261306532664,
    10.552763819095478,
    10.653266331658292,
    10.753768844221106,
    10.85427135678392,
    10.954773869346734,
    11.055276381909549,
    11.155778894472363,
    11.256281407035177,
    11.35678391959799,
    11.457286432160805,
    11.557788944723619,
    11.658291457286433,
    11.758793969849247,
    11.859296482412061,
    11.959798994974875,
    12.06030150753769,
    12.160804020100503,
    12.261306532663317,
    12.361809045226131,
    12.462311557788945,
    12.56281407035176,
    12.663316582914574,
    12.763819095477388,
    12.864321608040202,
    12.964824120603016,
    13.06532663316583,
    13.165829145728644,
    13.266331658291458,
    13.366834170854272,
    13.467336683417086,
    13.5678391959799,
    13.668341708542714,
    13.768844221105528,
    13.869346733668342,
    13.969849246231156,
    14.07035175879397,
    14.170854271356784,
    14.271356783919598,
    14.371859296482413,
    14.472361809045227,
    14.57286432160804,
    14.673366834170855,
    14.773869346733669,
    14.874371859296483,
    14.974874371859297,
    15.075376884422111,
    15.175879396984925,
    15.27638190954774,
    15.376884422110553,
    15.477386934673367,
    15.577889447236181,
    15.678391959798995,
    15.77889447236181,
    15.879396984924623,
    15.979899497487438,
    16.080402010050253,
    16.180904522613066,
    16.28140703517588,
    16.381909547738694,
    16.48241206030151,
    16.582914572864322,
    16.683417085427138,
    16.78391959798995,
    16.884422110552766,
    16.984924623115578,
    17.085427135678394,
    17.185929648241206,
    17.286432160804022,
    17.386934673366834,
    17.48743718592965,
    17.587939698492463,
    17.68844221105528,
    17.78894472361809,
    17.889447236180906,
    17.98994974874372,
    18.090452261306535,
    18.190954773869347,
    18.291457286432163,
    18.391959798994975,
    18.49246231155779,
    18.592964824120603,
    18.69346733668342,
    18.79396984924623,
    18.894472361809047,
    18.99497487437186,
    19.095477386934675,
    19.195979899497488,
    19.296482412060303,
    19.396984924623116,
    19.49748743718593,
    19.597989949748744,
    19.69849246231156,
    19.798994974874372,
    19.899497487437188,
    20.0
  ],