{
  "description": "Lotka-Volterra Predator-Prey Model Data for MCMC Inference",
  "model_parameters": {
    "initial_conditions": [
      3.4011973816621555,
      1.3862943611198906
    ],
    "initial_conditions_raw": [
      30,
      4
    ]
  },
  "suggested_parameters": [
    0.5,
    0.15,
    1.0,
    0.3
  ],
  "suggested_times": [
    0.0,
    1.0,
    2.0,
    3.0,
    4.0,
    5.0,
    6.0,
    7.0,
    8.0,
    9.0,
    10.0,
    11.0,
    12.0,
    13.0,
    14.0,
    15.0,
    16.0,
    17.0,
    18.0,
    19.0,
    20.0
  ],
  "suggested_values": [
    [
      30.0,
      4.0
    ],
    [
      47.2,
      6.1
    ],
    [
      70.2,
      9.8
    ],
    [
      77.4,
      35.2
    ],
    [
      36.3,
      59.4
    ],
    [
      20.6,
      41.7
    ],
    [
      18.1,
      19.0
    ],
    [
      21.4,
      13.0
    ],
    [
      22.0,
      8.3
    ],
    [
      25.4,
      9.1
    ],
    [
      27.1,
      7.4
    ],
    [
      40.3,
      8.0
    ],
    [
      57.0,
      12.3
    ],
    [
      76.6,
      19.5
    ],
    [
      52.3,
      45.7
    ],
    [
      19.5,
      51.1
    ],
    [
      11.2,
      29.7
    ],
    [
      7.6,
      15.8
    ],
    [
      14.6,
      9.7
    ],
    [
      16.2,
      10.1
    ],
    [
      24.7,
      8.1
    ]
  ],
  "mcmc_config": {
    "x0": [
      0.43,
      0.16,
      0.9,
      0.27,
      0.28,
      0.26
    ],
    "n_chains": 4,
    "adaptive_iterations": 400,
    "hmc_iterations": 20,
    "warmup_samples": 50
  },
  "prior_config": {
    "theta_lower": 0,
    "theta_upper": 2,
    "sigma_mean": 0,
    "sigma_sd": 3
  },
  "hmc_config": {
    "leapfrog_step_size": [
      0.1,
      0.01,
      0.1,
      0.03,
      0.05,
      0.05
    ],
    "leapfrog_steps": 10
  }
}